pacote,classe,metodo,descritor,assinatura,linha,instr_cobertas,instr_perdidas,pct_instr,linhas_cobertas,linhas_perdidas,pct_linhas,ramos_cobertos,ramos_perdidos,pct_ramos,coberto,origem
us.codecraft.webmagic,us.codecraft.webmagic.Page,<init>,()V,<init>() -> void,33,13,0,100.00,4,0,100.00,0,0,0.00,sim,desconhecido
us.codecraft.webmagic,us.codecraft.webmagic.Page,<init>,(Lus/codecraft/webmagic/Request;Z)V,"<init>(us.codecraft.webmagic.Request, boolean) -> void",33,19,0,100.00,6,0,100.00,0,0,0.00,sim,desconhecido
us.codecraft.webmagic,us.codecraft.webmagic.Page,getBytes,()[B,getBytes() -> byte[],307,3,0,100.00,1,0,100.00,0,0,0.00,sim,desconhecido
us.codecraft.webmagic,us.codecraft.webmagic.Page,getCharset,()Ljava/lang/String;,getCharset() -> java.lang.String,315,3,0,100.00,1,0,100.00,0,0,0.00,sim,desconhecido
us.codecraft.webmagic,us.codecraft.webmagic.Page,getHtml,()Lus/codecraft/webmagic/selector/Html;,getHtml() -> us.codecraft.webmagic.selector.Html,143,16,0,100.00,3,0,100.00,1,1,50.00,sim,desconhecido
us.codecraft.webmagic,us.codecraft.webmagic.Page,getRawText,()Ljava/lang/String;,getRawText() -> java.lang.String,282,3,0,100.00,1,0,100.00,0,0,0.00,sim,desconhecido
us.codecraft.webmagic,us.codecraft.webmagic.Page,getRequest,()Lus/codecraft/webmagic/Request;,getRequest() -> us.codecraft.webmagic.Request,261,3,0,100.00,1,0,100.00,0,0,0.00,sim,desconhecido
us.codecraft.webmagic,us.codecraft.webmagic.Page,isDownloadSuccess,()Z,isDownloadSuccess() -> boolean,299,3,0,100.00,1,0,100.00,0,0,0.00,sim,desconhecido
us.codecraft.webmagic,us.codecraft.webmagic.Page,ofFailure,(Lus/codecraft/webmagic/Request;)Lus/codecraft/webmagic/Page;,ofFailure(us.codecraft.webmagic.Request) -> us.codecraft.webmagic.Page,74,6,0,100.00,1,0,100.00,0,0,0.00,sim,desconhecido
us.codecraft.webmagic,us.codecraft.webmagic.Page,ofSuccess,(Lus/codecraft/webmagic/Request;)Lus/codecraft/webmagic/Page;,ofSuccess(us.codecraft.webmagic.Request) -> us.codecraft.webmagic.Page,63,6,0,100.00,1,0,100.00,0,0,0.00,sim,desconhecido
us.codecraft.webmagic,us.codecraft.webmagic.Page,setBytes,([B)V,setBytes(byte[]) -> void,311,4,0,100.00,2,0,100.00,0,0,0.00,sim,desconhecido
us.codecraft.webmagic,us.codecraft.webmagic.Page,setCharset,(Ljava/lang/String;)V,setCharset(java.lang.String) -> void,319,4,0,100.00,2,0,100.00,0,0,0.00,sim,desconhecido
us.codecraft.webmagic,us.codecraft.webmagic.Page,setHeaders,(Ljava/util/Map;)V,setHeaders(java.util.Map) -> void,295,4,0,100.00,2,0,100.00,0,0,0.00,sim,desconhecido
us.codecraft.webmagic,us.codecraft.webmagic.Page,setRawText,(Ljava/lang/String;)Lus/codecraft/webmagic/Page;,setRawText(java.lang.String) -> us.codecraft.webmagic.Page,286,5,0,100.00,2,0,100.00,0,0,0.00,sim,desconhecido
us.codecraft.webmagic,us.codecraft.webmagic.Page,setRequest,(Lus/codecraft/webmagic/Request;)V,setRequest(us.codecraft.webmagic.Request) -> void,265,9,0,100.00,3,0,100.00,0,0,0.00,sim,desconhecido
us.codecraft.webmagic,us.codecraft.webmagic.Page,setStatusCode,(I)V,setStatusCode(int) -> void,278,4,0,100.00,2,0,100.00,0,0,0.00,sim,desconhecido
us.codecraft.webmagic,us.codecraft.webmagic.Page,setUrl,(Lus/codecraft/webmagic/selector/Selectable;)V,setUrl(us.codecraft.webmagic.selector.Selectable) -> void,252,4,0,100.00,2,0,100.00,0,0,0.00,sim,desconhecido
us.codecraft.webmagic,us.codecraft.webmagic.Request,<init>,()V,<init>() -> void,39,21,0,100.00,6,0,100.00,0,0,0.00,sim,desconhecido
us.codecraft.webmagic,us.codecraft.webmagic.Request,<init>,(Ljava/lang/String;)V,<init>(java.lang.String) -> void,39,24,0,100.00,7,0,100.00,0,0,0.00,sim,desconhecido
us.codecraft.webmagic,us.codecraft.webmagic.Request,addCookie,(Ljava/lang/String;Ljava/lang/String;)Lus/codecraft/webmagic/Request;,"addCookie(java.lang.String, java.lang.String) -> us.codecraft.webmagic.Request",153,8,0,100.00,2,0,100.00,0,0,0.00,sim,desconhecido
us.codecraft.webmagic,us.codecraft.webmagic.Request,addHeader,(Ljava/lang/String;Ljava/lang/String;)Lus/codecraft/webmagic/Request;,"addHeader(java.lang.String, java.lang.String) -> us.codecraft.webmagic.Request",158,8,0,100.00,2,0,100.00,0,0,0.00,sim,desconhecido
us.codecraft.webmagic,us.codecraft.webmagic.Request,equals,(Ljava/lang/Object;)Z,equals(java.lang.Object) -> boolean,143,37,11,77.08,5,0,100.00,8,8,50.00,sim,desconhecido
us.codecraft.webmagic,us.codecraft.webmagic.Request,getCharset,()Ljava/lang/String;,getCharset() -> java.lang.String,196,3,0,100.00,1,0,100.00,0,0,0.00,sim,desconhecido
us.codecraft.webmagic,us.codecraft.webmagic.Request,getCookies,()Ljava/util/Map;,getCookies() -> java.util.Map,163,3,0,100.00,1,0,100.00,0,0,0.00,sim,desconhecido
us.codecraft.webmagic,us.codecraft.webmagic.Request,getDownloader,()Lus/codecraft/webmagic/downloader/Downloader;,getDownloader() -> us.codecraft.webmagic.downloader.Downloader,183,3,0,100.00,1,0,100.00,0,0,0.00,sim,desconhecido
us.codecraft.webmagic,us.codecraft.webmagic.Request,getExtra,(Ljava/lang/String;)Ljava/lang/Object;,getExtra(java.lang.String) -> java.lang.Object,90,8,2,80.00,2,1,66.67,1,1,50.00,sim,desconhecido
us.codecraft.webmagic,us.codecraft.webmagic.Request,getExtras,()Ljava/util/Map;,getExtras() -> java.util.Map,106,4,0,100.00,1,0,100.00,0,0,0.00,sim,desconhecido
us.codecraft.webmagic,us.codecraft.webmagic.Request,getHeaders,()Ljava/util/Map;,getHeaders() -> java.util.Map,167,3,0,100.00,1,0,100.00,0,0,0.00,sim,desconhecido
us.codecraft.webmagic,us.codecraft.webmagic.Request,getMethod,()Ljava/lang/String;,getMethod() -> java.lang.String,126,3,0,100.00,1,0,100.00,0,0,0.00,sim,desconhecido
us.codecraft.webmagic,us.codecraft.webmagic.Request,getPriority,()J,getPriority() -> long,71,3,0,100.00,1,0,100.00,0,0,0.00,sim,desconhecido
us.codecraft.webmagic,us.codecraft.webmagic.Request,getRequestBody,()Lus/codecraft/webmagic/model/HttpRequestBody;,getRequestBody() -> us.codecraft.webmagic.model.HttpRequestBody,171,3,0,100.00,1,0,100.00,0,0,0.00,sim,desconhecido
us.codecraft.webmagic,us.codecraft.webmagic.Request,getUrl,()Ljava/lang/String;,getUrl() -> java.lang.String,102,3,0,100.00,1,0,100.00,0,0,0.00,sim,desconhecido
us.codecraft.webmagic,us.codecraft.webmagic.Request,hashCode,()I,hashCode() -> int,136,23,1,95.83,3,0,100.00,3,1,75.00,sim,desconhecido
us.codecraft.webmagic,us.codecraft.webmagic.Request,isBinaryContent,()Z,isBinaryContent() -> boolean,179,3,0,100.00,1,0,100.00,0,0,0.00,sim,desconhecido
us.codecraft.webmagic,us.codecraft.webmagic.Request,putExtra,(Ljava/lang/String;Ljava/lang/Object;)Lus/codecraft/webmagic/Request;,"putExtra(java.lang.String, java.lang.Object) -> us.codecraft.webmagic.Request",97,8,0,100.00,2,0,100.00,0,0,0.00,sim,desconhecido
us.codecraft.webmagic,us.codecraft.webmagic.Request,setBinaryContent,(Z)Lus/codecraft/webmagic/Request;,setBinaryContent(boolean) -> us.codecraft.webmagic.Request,191,5,0,100.00,2,0,100.00,0,0,0.00,sim,desconhecido
us.codecraft.webmagic,us.codecraft.webmagic.Request,setCharset,(Ljava/lang/String;)Lus/codecraft/webmagic/Request;,setCharset(java.lang.String) -> us.codecraft.webmagic.Request,200,5,0,100.00,2,0,100.00,0,0,0.00,sim,desconhecido
us.codecraft.webmagic,us.codecraft.webmagic.Request,setExtras,(Ljava/util/Map;)Lus/codecraft/webmagic/Request;,setExtras(java.util.Map) -> us.codecraft.webmagic.Request,110,6,0,100.00,2,0,100.00,0,0,0.00,sim,desconhecido
us.codecraft.webmagic,us.codecraft.webmagic.Request,setMethod,(Ljava/lang/String;)Lus/codecraft/webmagic/Request;,setMethod(java.lang.String) -> us.codecraft.webmagic.Request,130,5,0,100.00,2,0,100.00,0,0,0.00,sim,desconhecido
us.codecraft.webmagic,us.codecraft.webmagic.Request,setPriority,(J)Lus/codecraft/webmagic/Request;,setPriority(long) -> us.codecraft.webmagic.Request,84,5,0,100.00,2,0,100.00,0,0,0.00,sim,desconhecido
us.codecraft.webmagic,us.codecraft.webmagic.Request,setRequestBody,(Lus/codecraft/webmagic/model/HttpRequestBody;)V,setRequestBody(us.codecraft.webmagic.model.HttpRequestBody) -> void,175,4,0,100.00,2,0,100.00,0,0,0.00,sim,desconhecido
us.codecraft.webmagic,us.codecraft.webmagic.Request,setUrl,(Ljava/lang/String;)Lus/codecraft/webmagic/Request;,setUrl(java.lang.String) -> us.codecraft.webmagic.Request,115,5,0,100.00,2,0,100.00,0,0,0.00,sim,desconhecido
us.codecraft.webmagic,us.codecraft.webmagic.ResultItems,<init>,()V,<init>() -> void,15,8,0,100.00,2,0,100.00,0,0,0.00,sim,desconhecido
us.codecraft.webmagic,us.codecraft.webmagic.ResultItems,getAll,()Ljava/util/Map;,getAll() -> java.util.Map,33,3,0,100.00,1,0,100.00,0,0,0.00,sim,desconhecido
us.codecraft.webmagic,us.codecraft.webmagic.ResultItems,getRequest,()Lus/codecraft/webmagic/Request;,getRequest() -> us.codecraft.webmagic.Request,42,3,0,100.00,1,0,100.00,0,0,0.00,sim,desconhecido
us.codecraft.webmagic,us.codecraft.webmagic.ResultItems,put,(Ljava/lang/String;Ljava/lang/Object;)Lus/codecraft/webmagic/ResultItems;,"put(java.lang.String, java.lang.Object) -> us.codecraft.webmagic.ResultItems",37,8,0,100.00,2,0,100.00,0,0,0.00,sim,desconhecido
us.codecraft.webmagic,us.codecraft.webmagic.ResultItems,setRequest,(Lus/codecraft/webmagic/Request;)Lus/codecraft/webmagic/ResultItems;,setRequest(us.codecraft.webmagic.Request) -> us.codecraft.webmagic.ResultItems,46,5,0,100.00,2,0,100.00,0,0,0.00,sim,desconhecido
us.codecraft.webmagic,us.codecraft.webmagic.Site,<clinit>,()V,<clinit>() -> void,43,10,0,100.00,3,0,100.00,0,0,0.00,sim,desconhecido
us.codecraft.webmagic,us.codecraft.webmagic.Site,<init>,()V,<init>() -> void,19,42,0,100.00,12,0,100.00,0,0,0.00,sim,desconhecido
us.codecraft.webmagic,us.codecraft.webmagic.Site,addCookie,(Ljava/lang/String;Ljava/lang/String;)Lus/codecraft/webmagic/Site;,"addCookie(java.lang.String, java.lang.String) -> us.codecraft.webmagic.Site",74,8,0,100.00,2,0,100.00,0,0,0.00,sim,desconhecido
us.codecraft.webmagic,us.codecraft.webmagic.Site,addCookie,(Ljava/lang/String;Ljava/lang/String;Ljava/lang/String;)Lus/codecraft/webmagic/Site;,"addCookie(java.lang.String, java.lang.String, java.lang.String) -> us.codecraft.webmagic.Site",87,24,0,100.00,4,0,100.00,2,0,100.00,sim,desconhecido
us.codecraft.webmagic,us.codecraft.webmagic.Site,addHeader,(Ljava/lang/String;Ljava/lang/String;)Lus/codecraft/webmagic/Site;,"addHeader(java.lang.String, java.lang.String) -> us.codecraft.webmagic.Site",279,8,0,100.00,2,0,100.00,0,0,0.00,sim,desconhecido
us.codecraft.webmagic,us.codecraft.webmagic.Site,equals,(Ljava/lang/Object;)Z,equals(java.lang.Object) -> boolean,381,80,57,58.39,14,2,87.50,19,31,38.00,sim,desconhecido
us.codecraft.webmagic,us.codecraft.webmagic.Site,getAllCookies,()Ljava/util/Map;,getAllCookies() -> java.util.Map,120,3,0,100.00,1,0,100.00,0,0,0.00,sim,desconhecido
us.codecraft.webmagic,us.codecraft.webmagic.Site,getCharset,()Ljava/lang/String;,getCharset() -> java.lang.String,170,3,0,100.00,1,0,100.00,0,0,0.00,sim,desconhecido
us.codecraft.webmagic,us.codecraft.webmagic.Site,getCookies,()Ljava/util/Map;,getCookies() -> java.util.Map,111,3,0,100.00,1,0,100.00,0,0,0.00,sim,desconhecido
us.codecraft.webmagic,us.codecraft.webmagic.Site,getCycleRetryTimes,()I,getCycleRetryTimes() -> int,300,3,0,100.00,1,0,100.00,0,0,0.00,sim,desconhecido
us.codecraft.webmagic,us.codecraft.webmagic.Site,getDefaultCharset,()Ljava/lang/String;,getDefaultCharset() -> java.lang.String,194,3,0,100.00,1,0,100.00,0,0,0.00,sim,desconhecido
us.codecraft.webmagic,us.codecraft.webmagic.Site,getDomain,()Ljava/lang/String;,getDomain() -> java.lang.String,138,3,0,100.00,1,0,100.00,0,0,0.00,sim,desconhecido
us.codecraft.webmagic,us.codecraft.webmagic.Site,getHeaders,()Ljava/util/Map;,getHeaders() -> java.util.Map,267,3,0,100.00,1,0,100.00,0,0,0.00,sim,desconhecido
us.codecraft.webmagic,us.codecraft.webmagic.Site,getRetryTimes,()I,getRetryTimes() -> int,263,3,0,100.00,1,0,100.00,0,0,0.00,sim,desconhecido
us.codecraft.webmagic,us.codecraft.webmagic.Site,getSleepTime,()I,getSleepTime() -> int,254,3,0,100.00,1,0,100.00,0,0,0.00,sim,desconhecido
us.codecraft.webmagic,us.codecraft.webmagic.Site,getTimeOut,()I,getTimeOut() -> int,198,3,0,100.00,1,0,100.00,0,0,0.00,sim,desconhecido
us.codecraft.webmagic,us.codecraft.webmagic.Site,getUserAgent,()Ljava/lang/String;,getUserAgent() -> java.lang.String,129,3,0,100.00,1,0,100.00,0,0,0.00,sim,desconhecido
us.codecraft.webmagic,us.codecraft.webmagic.Site,isDisableCookieManagement,()Z,isDisableCookieManagement() -> boolean,346,3,0,100.00,1,0,100.00,0,0,0.00,sim,desconhecido
us.codecraft.webmagic,us.codecraft.webmagic.Site,isUseGzip,()Z,isUseGzip() -> boolean,315,3,0,100.00,1,0,100.00,0,0,0.00,sim,desconhecido
us.codecraft.webmagic,us.codecraft.webmagic.Site,me,()Lus/codecraft/webmagic/Site;,me() -> us.codecraft.webmagic.Site,63,4,0,100.00,1,0,100.00,0,0,0.00,sim,desconhecido
us.codecraft.webmagic,us.codecraft.webmagic.Site,setCharset,(Ljava/lang/String;)Lus/codecraft/webmagic/Site;,setCharset(java.lang.String) -> us.codecraft.webmagic.Site,160,5,0,100.00,2,0,100.00,0,0,0.00,sim,desconhecido
us.codecraft.webmagic,us.codecraft.webmagic.Site,setCycleRetryTimes,(I)Lus/codecraft/webmagic/Site;,setCycleRetryTimes(int) -> us.codecraft.webmagic.Site,310,5,0,100.00,2,0,100.00,0,0,0.00,sim,desconhecido
us.codecraft.webmagic,us.codecraft.webmagic.Site,setDefaultCharset,(Ljava/lang/String;)Lus/codecraft/webmagic/Site;,setDefaultCharset(java.lang.String) -> us.codecraft.webmagic.Site,183,5,0,100.00,2,0,100.00,0,0,0.00,sim,desconhecido
us.codecraft.webmagic,us.codecraft.webmagic.Site,setDisableCookieManagement,(Z)Lus/codecraft/webmagic/Site;,setDisableCookieManagement(boolean) -> us.codecraft.webmagic.Site,357,5,0,100.00,2,0,100.00,0,0,0.00,sim,desconhecido
us.codecraft.webmagic,us.codecraft.webmagic.Site,setDomain,(Ljava/lang/String;)Lus/codecraft/webmagic/Site;,setDomain(java.lang.String) -> us.codecraft.webmagic.Site,148,5,0,100.00,2,0,100.00,0,0,0.00,sim,desconhecido
us.codecraft.webmagic,us.codecraft.webmagic.Site,setRetryTimes,(I)Lus/codecraft/webmagic/Site;,setRetryTimes(int) -> us.codecraft.webmagic.Site,290,5,0,100.00,2,0,100.00,0,0,0.00,sim,desconhecido
us.codecraft.webmagic,us.codecraft.webmagic.Site,setSleepTime,(I)Lus/codecraft/webmagic/Site;,setSleepTime(int) -> us.codecraft.webmagic.Site,243,5,0,100.00,2,0,100.00,0,0,0.00,sim,desconhecido
us.codecraft.webmagic,us.codecraft.webmagic.Site,setTimeOut,(I)Lus/codecraft/webmagic/Site;,setTimeOut(int) -> us.codecraft.webmagic.Site,208,5,0,100.00,2,0,100.00,0,0,0.00,sim,desconhecido
us.codecraft.webmagic,us.codecraft.webmagic.Site,toTask,()Lus/codecraft/webmagic/Task;,toTask() -> us.codecraft.webmagic.Task,362,5,0,100.00,1,0,100.00,0,0,0.00,sim,desconhecido
us.codecraft.webmagic,us.codecraft.webmagic.Site$1,<init>,(Lus/codecraft/webmagic/Site;)V,<init>(us.codecraft.webmagic.Site) -> void,362,6,0,100.00,1,0,100.00,0,0,0.00,sim,desconhecido
us.codecraft.webmagic,us.codecraft.webmagic.Site$1,getSite,()Lus/codecraft/webmagic/Site;,getSite() -> us.codecraft.webmagic.Site,374,3,0,100.00,1,0,100.00,0,0,0.00,sim,desconhecido
us.codecraft.webmagic,us.codecraft.webmagic.Spider,<init>,(Lus/codecraft/webmagic/processor/PageProcessor;)V,<init>(us.codecraft.webmagic.processor.PageProcessor) -> void,66,55,0,100.00,14,0,100.00,0,0,0.00,sim,desconhecido
us.codecraft.webmagic,us.codecraft.webmagic.Spider,addPipeline,(Lus/codecraft/webmagic/pipeline/Pipeline;)Lus/codecraft/webmagic/Spider;,addPipeline(us.codecraft.webmagic.pipeline.Pipeline) -> us.codecraft.webmagic.Spider,223,9,0,100.00,3,0,100.00,0,0,0.00,sim,desconhecido
us.codecraft.webmagic,us.codecraft.webmagic.Spider,checkIfRunning,()V,checkIfRunning() -> void,511,6,5,54.55,2,1,66.67,1,1,50.00,sim,desconhecido
us.codecraft.webmagic,us.codecraft.webmagic.Spider,create,(Lus/codecraft/webmagic/processor/PageProcessor;)Lus/codecraft/webmagic/Spider;,create(us.codecraft.webmagic.processor.PageProcessor) -> us.codecraft.webmagic.Spider,116,5,0,100.00,1,0,100.00,0,0,0.00,sim,desconhecido
us.codecraft.webmagic,us.codecraft.webmagic.Spider,initComponent,()V,initComponent() -> void,279,34,48,41.46,9,7,56.25,5,11,31.25,sim,desconhecido
us.codecraft.webmagic,us.codecraft.webmagic.Spider,onDownloaderFail,(Lus/codecraft/webmagic/Request;)V,onDownloaderFail(us.codecraft.webmagic.Request) -> void,464,11,3,78.57,3,1,75.00,1,1,50.00,sim,desconhecido
us.codecraft.webmagic,us.codecraft.webmagic.Spider,processRequest,(Lus/codecraft/webmagic/Request;)V,processRequest(us.codecraft.webmagic.Request) -> void,436,17,12,58.62,5,2,71.43,2,2,50.00,sim,desconhecido
us.codecraft.webmagic,us.codecraft.webmagic.Spider,setDownloader,(Lus/codecraft/webmagic/downloader/Downloader;)Lus/codecraft/webmagic/Spider;,setDownloader(us.codecraft.webmagic.downloader.Downloader) -> us.codecraft.webmagic.Spider,273,7,0,100.00,3,0,100.00,0,0,0.00,sim,desconhecido
us.codecraft.webmagic,us.codecraft.webmagic.Spider,sleep,(I)V,sleep(int) -> void,488,5,8,38.46,3,3,50.00,0,0,0.00,sim,desconhecido
us.codecraft.webmagic,us.codecraft.webmagic.Spider,test,([Ljava/lang/String;)V,test(java.lang.String[]) -> void,426,28,0,100.00,5,0,100.00,3,1,75.00,sim,desconhecido
us.codecraft.webmagic,us.codecraft.webmagic.SpiderScheduler,<init>,(Lus/codecraft/webmagic/scheduler/Scheduler;)V,<init>(us.codecraft.webmagic.scheduler.Scheduler) -> void,12,16,0,100.00,5,0,100.00,0,0,0.00,sim,desconhecido
us.codecraft.webmagic.downloader,us.codecraft.webmagic.downloader.AbstractDownloader,<init>,()V,<init>() -> void,15,3,0,100.00,1,0,100.00,0,0,0.00,sim,desconhecido
us.codecraft.webmagic.downloader,us.codecraft.webmagic.downloader.AbstractDownloader,download,(Ljava/lang/String;)Lus/codecraft/webmagic/selector/Html;,download(java.lang.String) -> us.codecraft.webmagic.selector.Html,24,5,0,100.00,1,0,100.00,0,0,0.00,sim,desconhecido
us.codecraft.webmagic.downloader,us.codecraft.webmagic.downloader.AbstractDownloader,download,(Ljava/lang/String;Ljava/lang/String;)Lus/codecraft/webmagic/selector/Html;,"download(java.lang.String, java.lang.String) -> us.codecraft.webmagic.selector.Html",35,14,0,100.00,2,0,100.00,0,0,0.00,sim,desconhecido
us.codecraft.webmagic.downloader,us.codecraft.webmagic.downloader.AbstractDownloader,onError,(Lus/codecraft/webmagic/Page;Lus/codecraft/webmagic/Task;Ljava/lang/Throwable;)V,"onError(us.codecraft.webmagic.Page, us.codecraft.webmagic.Task, java.lang.Throwable) -> void",94,7,0,100.00,2,0,100.00,0,0,0.00,sim,desconhecido
us.codecraft.webmagic.downloader,us.codecraft.webmagic.downloader.AbstractDownloader,onError,(Lus/codecraft/webmagic/Request;)V,onError(us.codecraft.webmagic.Request) -> void,73,1,0,100.00,1,0,100.00,0,0,0.00,sim,desconhecido
us.codecraft.webmagic.downloader,us.codecraft.webmagic.downloader.AbstractDownloader,onError,(Lus/codecraft/webmagic/Request;Lus/codecraft/webmagic/Task;Ljava/lang/Throwable;)V,"onError(us.codecraft.webmagic.Request, us.codecraft.webmagic.Task, java.lang.Throwable) -> void",84,4,0,100.00,2,0,100.00,0,0,0.00,sim,desconhecido
us.codecraft.webmagic.downloader,us.codecraft.webmagic.downloader.AbstractDownloader,onSuccess,(Lus/codecraft/webmagic/Page;Lus/codecraft/webmagic/Task;)V,"onSuccess(us.codecraft.webmagic.Page, us.codecraft.webmagic.Task) -> void",64,6,0,100.00,2,0,100.00,0,0,0.00,sim,desconhecido
us.codecraft.webmagic.downloader,us.codecraft.webmagic.downloader.AbstractDownloader,onSuccess,(Lus/codecraft/webmagic/Request;)V,onSuccess(us.codecraft.webmagic.Request) -> void,45,1,0,100.00,1,0,100.00,0,0,0.00,sim,desconhecido
us.codecraft.webmagic.downloader,us.codecraft.webmagic.downloader.AbstractDownloader,onSuccess,(Lus/codecraft/webmagic/Request;Lus/codecraft/webmagic/Task;)V,"onSuccess(us.codecraft.webmagic.Request, us.codecraft.webmagic.Task) -> void",55,4,0,100.00,2,0,100.00,0,0,0.00,sim,desconhecido
us.codecraft.webmagic.downloader,us.codecraft.webmagic.downloader.CustomRedirectStrategy,<init>,()V,<init>() -> void,23,8,0,100.00,2,0,100.00,0,0,0.00,sim,desconhecido
us.codecraft.webmagic.downloader,us.codecraft.webmagic.downloader.CustomRedirectStrategy,getRedirect,(Lorg/apache/http/HttpRequest;Lorg/apache/http/HttpResponse;Lorg/apache/http/protocol/HttpContext;)Lorg/apache/http/client/methods/HttpUriRequest;,"getRedirect(org.apache.http.HttpRequest, org.apache.http.HttpResponse, org.apache.http.protocol.HttpContext) -> org.apache.http.client.methods.HttpUriRequest",28,19,21,47.50,4,7,36.36,1,1,50.00,sim,desconhecido
us.codecraft.webmagic.downloader,us.codecraft.webmagic.downloader.HttpClientDownloader,<init>,()V,<init>() -> void,32,21,0,100.00,5,0,100.00,0,0,0.00,sim,desconhecido
us.codecraft.webmagic.downloader,us.codecraft.webmagic.downloader.HttpClientDownloader,download,(Lus/codecraft/webmagic/Request;Lus/codecraft/webmagic/Task;)Lus/codecraft/webmagic/Page;,"download(us.codecraft.webmagic.Request, us.codecraft.webmagic.Task) -> us.codecraft.webmagic.Page",72,97,0,100.00,19,0,100.00,12,2,85.71,sim,desconhecido
us.codecraft.webmagic.downloader,us.codecraft.webmagic.downloader.HttpClientDownloader,getHtmlCharset,(Ljava/lang/String;[BLus/codecraft/webmagic/Task;)Ljava/lang/String;,"getHtmlCharset(java.lang.String, byte[], us.codecraft.webmagic.Task) -> java.lang.String",128,8,12,40.00,3,1,75.00,1,1,50.00,sim,desconhecido
us.codecraft.webmagic.downloader,us.codecraft.webmagic.downloader.HttpClientDownloader,getHttpClient,(Lus/codecraft/webmagic/Site;)Lorg/apache/http/impl/client/CloseableHttpClient;,getHttpClient(us.codecraft.webmagic.Site) -> org.apache.http.impl.client.CloseableHttpClient,53,41,5,89.13,11,1,91.67,3,3,50.00,sim,desconhecido
us.codecraft.webmagic.downloader,us.codecraft.webmagic.downloader.HttpClientDownloader,handleResponse,(Lus/codecraft/webmagic/Request;Ljava/lang/String;Lorg/apache/http/HttpResponse;Lus/codecraft/webmagic/Task;)Lus/codecraft/webmagic/Page;,"handleResponse(us.codecraft.webmagic.Request, java.lang.String, org.apache.http.HttpResponse, us.codecraft.webmagic.Task) -> us.codecraft.webmagic.Page",106,73,3,96.05,16,0,100.00,8,4,66.67,sim,desconhecido
us.codecraft.webmagic.downloader,us.codecraft.webmagic.downloader.HttpClientDownloader,setProxyProvider,(Lus/codecraft/webmagic/proxy/ProxyProvider;)V,setProxyProvider(us.codecraft.webmagic.proxy.ProxyProvider) -> void,49,4,0,100.00,2,0,100.00,0,0,0.00,sim,desconhecido
us.codecraft.webmagic.downloader,us.codecraft.webmagic.downloader.HttpClientGenerator,<init>,()V,<init>() -> void,39,28,0,100.00,9,0,100.00,0,0,0.00,sim,desconhecido
us.codecraft.webmagic.downloader,us.codecraft.webmagic.downloader.HttpClientGenerator,buildSSLConnectionSocketFactory,()Lorg/apache/http/conn/ssl/SSLConnectionSocketFactory;,buildSSLConnectionSocketFactory() -> org.apache.http.conn.ssl.SSLConnectionSocketFactory,54,45,27,62.50,5,4,55.56,1,1,50.00,sim,desconhecido
us.codecraft.webmagic.downloader,us.codecraft.webmagic.downloader.HttpClientGenerator,createIgnoreVerifySSL,()Ljavax/net/ssl/SSLContext;,createIgnoreVerifySSL() -> javax.net.ssl.SSLContext,74,20,0,100.00,4,0,100.00,0,0,0.00,sim,desconhecido
us.codecraft.webmagic.downloader,us.codecraft.webmagic.downloader.HttpClientGenerator,generateClient,(Lus/codecraft/webmagic/Site;)Lorg/apache/http/impl/client/CloseableHttpClient;,generateClient(us.codecraft.webmagic.Site) -> org.apache.http.impl.client.CloseableHttpClient,106,70,6,92.11,16,1,94.12,2,2,50.00,sim,desconhecido
us.codecraft.webmagic.downloader,us.codecraft.webmagic.downloader.HttpClientGenerator,generateCookie,(Lorg/apache/http/impl/client/HttpClientBuilder;Lus/codecraft/webmagic/Site;)V,"generateCookie(org.apache.http.impl.client.HttpClientBuilder, us.codecraft.webmagic.Site) -> void",141,54,37,59.34,12,6,66.67,5,3,62.50,sim,desconhecido
us.codecraft.webmagic.downloader,us.codecraft.webmagic.downloader.HttpClientGenerator,getClient,(Lus/codecraft/webmagic/Site;)Lorg/apache/http/impl/client/CloseableHttpClient;,getClient(us.codecraft.webmagic.Site) -> org.apache.http.impl.client.CloseableHttpClient,102,4,0,100.00,1,0,100.00,0,0,0.00,sim,desconhecido
us.codecraft.webmagic.downloader,us.codecraft.webmagic.downloader.HttpClientGenerator,lambda$buildSSLConnectionSocketFactory$0,(Ljava/lang/String;Ljavax/net/ssl/SSLSession;)Z,"lambda$buildSSLConnectionSocketFactory$0(java.lang.String, javax.net.ssl.SSLSession) -> boolean",65,2,0,100.00,1,0,100.00,0,0,0.00,sim,desconhecido
us.codecraft.webmagic.downloader,us.codecraft.webmagic.downloader.HttpClientGenerator$1,<init>,(Lus/codecraft/webmagic/downloader/HttpClientGenerator;)V,<init>(us.codecraft.webmagic.downloader.HttpClientGenerator) -> void,74,6,0,100.00,1,0,100.00,0,0,0.00,sim,desconhecido
us.codecraft.webmagic.downloader,us.codecraft.webmagic.downloader.HttpClientGenerator$1,checkServerTrusted,([Ljava/security/cert/X509Certificate;Ljava/lang/String;)V,"checkServerTrusted(java.security.cert.X509Certificate[], java.lang.String) -> void",82,1,0,100.00,1,0,100.00,0,0,0.00,sim,desconhecido
us.codecraft.webmagic.downloader,us.codecraft.webmagic.downloader.HttpClientGenerator$1,getAcceptedIssuers,()[Ljava/security/cert/X509Certificate;,getAcceptedIssuers() -> java.security.cert.X509Certificate[],86,2,0,100.00,1,0,100.00,0,0,0.00,sim,desconhecido
us.codecraft.webmagic.downloader,us.codecraft.webmagic.downloader.HttpClientGenerator$2,<init>,(Lus/codecraft/webmagic/downloader/HttpClientGenerator;)V,<init>(us.codecraft.webmagic.downloader.HttpClientGenerator) -> void,115,6,0,100.00,1,0,100.00,0,0,0.00,sim,desconhecido
us.codecraft.webmagic.downloader,us.codecraft.webmagic.downloader.HttpClientGenerator$2,process,(Lorg/apache/http/HttpRequest;Lorg/apache/http/protocol/HttpContext;)V,"process(org.apache.http.HttpRequest, org.apache.http.protocol.HttpContext) -> void",120,9,0,100.00,3,0,100.00,1,1,50.00,sim,desconhecido
us.codecraft.webmagic.downloader,us.codecraft.webmagic.downloader.HttpClientRequestContext,<init>,()V,<init>() -> void,12,3,0,100.00,1,0,100.00,0,0,0.00,sim,desconhecido
us.codecraft.webmagic.downloader,us.codecraft.webmagic.downloader.HttpClientRequestContext,getHttpClientContext,()Lorg/apache/http/client/protocol/HttpClientContext;,getHttpClientContext() -> org.apache.http.client.protocol.HttpClientContext,27,3,0,100.00,1,0,100.00,0,0,0.00,sim,desconhecido
us.codecraft.webmagic.downloader,us.codecraft.webmagic.downloader.HttpClientRequestContext,getHttpUriRequest,()Lorg/apache/http/client/methods/HttpUriRequest;,getHttpUriRequest() -> org.apache.http.client.methods.HttpUriRequest,19,3,0,100.00,1,0,100.00,0,0,0.00,sim,desconhecido
us.codecraft.webmagic.downloader,us.codecraft.webmagic.downloader.HttpClientRequestContext,setHttpClientContext,(Lorg/apache/http/client/protocol/HttpClientContext;)V,setHttpClientContext(org.apache.http.client.protocol.HttpClientContext) -> void,31,4,0,100.00,2,0,100.00,0,0,0.00,sim,desconhecido
us.codecraft.webmagic.downloader,us.codecraft.webmagic.downloader.HttpClientRequestContext,setHttpUriRequest,(Lorg/apache/http/client/methods/HttpUriRequest;)V,setHttpUriRequest(org.apache.http.client.methods.HttpUriRequest) -> void,23,4,0,100.00,2,0,100.00,0,0,0.00,sim,desconhecido
us.codecraft.webmagic.downloader,us.codecraft.webmagic.downloader.HttpUriRequestConverter,<init>,()V,<init>() -> void,32,3,0,100.00,1,0,100.00,0,0,0.00,sim,desconhecido
us.codecraft.webmagic.downloader,us.codecraft.webmagic.downloader.HttpUriRequestConverter,addFormParams,(Lorg/apache/http/client/methods/RequestBuilder;Lus/codecraft/webmagic/Request;)Lorg/apache/http/client/methods/RequestBuilder;,"addFormParams(org.apache.http.client.methods.RequestBuilder, us.codecraft.webmagic.Request) -> org.apache.http.client.methods.RequestBuilder",111,21,0,100.00,5,0,100.00,1,1,50.00,sim,desconhecido
us.codecraft.webmagic.downloader,us.codecraft.webmagic.downloader.HttpUriRequestConverter,convert,(Lus/codecraft/webmagic/Request;Lus/codecraft/webmagic/Site;Lus/codecraft/webmagic/proxy/Proxy;)Lus/codecraft/webmagic/downloader/HttpClientRequestContext;,"convert(us.codecraft.webmagic.Request, us.codecraft.webmagic.Site, us.codecraft.webmagic.proxy.Proxy) -> us.codecraft.webmagic.downloader.HttpClientRequestContext",35,20,0,100.00,4,0,100.00,0,0,0.00,sim,desconhecido
us.codecraft.webmagic.downloader,us.codecraft.webmagic.downloader.HttpUriRequestConverter,convertHttpClientContext,(Lus/codecraft/webmagic/Request;Lus/codecraft/webmagic/Site;Lus/codecraft/webmagic/proxy/Proxy;)Lorg/apache/http/client/protocol/HttpClientContext;,"convertHttpClientContext(us.codecraft.webmagic.Request, us.codecraft.webmagic.Site, us.codecraft.webmagic.proxy.Proxy) -> org.apache.http.client.protocol.HttpClientContext",42,82,0,100.00,16,0,100.00,8,2,80.00,sim,desconhecido
us.codecraft.webmagic.downloader,us.codecraft.webmagic.downloader.HttpUriRequestConverter,convertHttpUriRequest,(Lus/codecraft/webmagic/Request;Lus/codecraft/webmagic/Site;Lus/codecraft/webmagic/proxy/Proxy;)Lorg/apache/http/client/methods/HttpUriRequest;,"convertHttpUriRequest(us.codecraft.webmagic.Request, us.codecraft.webmagic.Site, us.codecraft.webmagic.proxy.Proxy) -> org.apache.http.client.methods.HttpUriRequest",63,102,0,100.00,20,0,100.00,11,3,78.57,sim,desconhecido
us.codecraft.webmagic.downloader,us.codecraft.webmagic.downloader.HttpUriRequestConverter,selectRequestMethod,(Lus/codecraft/webmagic/Request;)Lorg/apache/http/client/methods/RequestBuilder;,selectRequestMethod(us.codecraft.webmagic.Request) -> org.apache.http.client.methods.RequestBuilder,92,47,6,88.68,13,1,92.86,13,1,92.86,sim,desconhecido
us.codecraft.webmagic.model,us.codecraft.webmagic.model.HttpRequestBody,<init>,([BLjava/lang/String;Ljava/lang/String;)V,"<init>(byte[], java.lang.String, java.lang.String) -> void",41,12,0,100.00,5,0,100.00,0,0,0.00,sim,desconhecido
us.codecraft.webmagic.model,us.codecraft.webmagic.model.HttpRequestBody,form,(Ljava/util/Map;Ljava/lang/String;)Lus/codecraft/webmagic/model/HttpRequestBody;,"form(java.util.Map, java.lang.String) -> us.codecraft.webmagic.model.HttpRequestBody",88,41,8,83.67,5,2,71.43,2,0,100.00,sim,desconhecido
us.codecraft.webmagic.model,us.codecraft.webmagic.model.HttpRequestBody,getBody,()[B,getBody() -> byte[],100,3,0,100.00,1,0,100.00,0,0,0.00,sim,desconhecido
us.codecraft.webmagic.model,us.codecraft.webmagic.model.HttpRequestBody,getContentType,()Ljava/lang/String;,getContentType() -> java.lang.String,48,3,0,100.00,1,0,100.00,0,0,0.00,sim,desconhecido
us.codecraft.webmagic.pipeline,us.codecraft.webmagic.pipeline.FilePipeline,<init>,()V,<init>() -> void,24,11,0,100.00,4,0,100.00,0,0,0.00,sim,desconhecido
us.codecraft.webmagic.pipeline,us.codecraft.webmagic.pipeline.FilePipeline,process,(Lus/codecraft/webmagic/ResultItems;Lus/codecraft/webmagic/Task;)V,"process(us.codecraft.webmagic.ResultItems, us.codecraft.webmagic.Task) -> void",39,15,78,16.13,4,14,22.22,0,6,0.00,sim,desconhecido
us.codecraft.webmagic.processor,us.codecraft.webmagic.processor.PageProcessor,getSite,()Lus/codecraft/webmagic/Site;,getSite() -> us.codecraft.webmagic.Site,39,2,0,100.00,1,0,100.00,0,0,0.00,sim,desconhecido
us.codecraft.webmagic.processor.example,us.codecraft.webmagic.processor.example.GithubRepoPageProcessor,<init>,()V,<init>() -> void,12,12,0,100.00,2,0,100.00,0,0,0.00,sim,desconhecido
us.codecraft.webmagic.processor.example,us.codecraft.webmagic.processor.example.GithubRepoPageProcessor,getSite,()Lus/codecraft/webmagic/Site;,getSite() -> us.codecraft.webmagic.Site,31,3,0,100.00,1,0,100.00,0,0,0.00,sim,desconhecido
us.codecraft.webmagic.proxy,us.codecraft.webmagic.proxy.Proxy,<init>,(Ljava/lang/String;I)V,"<init>(java.lang.String, int) -> void",39,6,0,100.00,2,0,100.00,0,0,0.00,sim,desconhecido
us.codecraft.webmagic.proxy,us.codecraft.webmagic.proxy.Proxy,<init>,(Ljava/lang/String;ILjava/lang/String;)V,"<init>(java.lang.String, int, java.lang.String) -> void",42,12,0,100.00,5,0,100.00,0,0,0.00,sim,desconhecido
us.codecraft.webmagic.proxy,us.codecraft.webmagic.proxy.Proxy,<init>,(Ljava/lang/String;ILjava/lang/String;Ljava/lang/String;)V,"<init>(java.lang.String, int, java.lang.String, java.lang.String) -> void",48,15,0,100.00,6,0,100.00,0,0,0.00,sim,desconhecido
us.codecraft.webmagic.proxy,us.codecraft.webmagic.proxy.Proxy,getHost,()Ljava/lang/String;,getHost() -> java.lang.String,64,3,0,100.00,1,0,100.00,0,0,0.00,sim,desconhecido
us.codecraft.webmagic.proxy,us.codecraft.webmagic.proxy.Proxy,getPassword,()Ljava/lang/String;,getPassword() -> java.lang.String,76,3,0,100.00,1,0,100.00,0,0,0.00,sim,desconhecido
us.codecraft.webmagic.proxy,us.codecraft.webmagic.proxy.Proxy,getPort,()I,getPort() -> int,68,3,0,100.00,1,0,100.00,0,0,0.00,sim,desconhecido
us.codecraft.webmagic.proxy,us.codecraft.webmagic.proxy.Proxy,getScheme,()Ljava/lang/String;,getScheme() -> java.lang.String,56,3,0,100.00,1,0,100.00,0,0,0.00,sim,desconhecido
us.codecraft.webmagic.proxy,us.codecraft.webmagic.proxy.Proxy,getUsername,()Ljava/lang/String;,getUsername() -> java.lang.String,72,3,0,100.00,1,0,100.00,0,0,0.00,sim,desconhecido
us.codecraft.webmagic.proxy,us.codecraft.webmagic.proxy.SimpleProxyProvider,<init>,(Ljava/util/List;)V,<init>(java.util.List) -> void,26,8,0,100.00,2,0,100.00,0,0,0.00,sim,desconhecido
us.codecraft.webmagic.proxy,us.codecraft.webmagic.proxy.SimpleProxyProvider,<init>,(Ljava/util/List;Ljava/util/concurrent/atomic/AtomicInteger;)V,"<init>(java.util.List, java.util.concurrent.atomic.AtomicInteger) -> void",29,9,0,100.00,4,0,100.00,0,0,0.00,sim,desconhecido
us.codecraft.webmagic.proxy,us.codecraft.webmagic.proxy.SimpleProxyProvider,from,([Lus/codecraft/webmagic/proxy/Proxy;)Lus/codecraft/webmagic/proxy/SimpleProxyProvider;,from(us.codecraft.webmagic.proxy.Proxy[]) -> us.codecraft.webmagic.proxy.SimpleProxyProvider,35,32,0,100.00,4,0,100.00,2,0,100.00,sim,desconhecido
us.codecraft.webmagic.proxy,us.codecraft.webmagic.proxy.SimpleProxyProvider,getProxy,(Lus/codecraft/webmagic/Request;Lus/codecraft/webmagic/Task;)Lus/codecraft/webmagic/proxy/Proxy;,"getProxy(us.codecraft.webmagic.Request, us.codecraft.webmagic.Task) -> us.codecraft.webmagic.proxy.Proxy",49,7,0,100.00,1,0,100.00,0,0,0.00,sim,desconhecido
us.codecraft.webmagic.proxy,us.codecraft.webmagic.proxy.SimpleProxyProvider,incrForLoop,()I,incrForLoop() -> int,53,13,17,43.33,4,3,57.14,1,3,25.00,sim,desconhecido
us.codecraft.webmagic.proxy,us.codecraft.webmagic.proxy.SimpleProxyProvider,returnProxy,(Lus/codecraft/webmagic/proxy/Proxy;Lus/codecraft/webmagic/Page;Lus/codecraft/webmagic/Task;)V,"returnProxy(us.codecraft.webmagic.proxy.Proxy, us.codecraft.webmagic.Page, us.codecraft.webmagic.Task) -> void",45,1,0,100.00,1,0,100.00,0,0,0.00,sim,desconhecido
us.codecraft.webmagic.scheduler,us.codecraft.webmagic.scheduler.DuplicateRemovedScheduler,<init>,()V,<init>() -> void,17,13,0,100.00,3,0,100.00,0,0,0.00,sim,desconhecido
us.codecraft.webmagic.scheduler,us.codecraft.webmagic.scheduler.DuplicateRemovedScheduler,noNeedToRemoveDuplicate,(Lus/codecraft/webmagic/Request;)Z,noNeedToRemoveDuplicate(us.codecraft.webmagic.Request) -> boolean,46,5,0,100.00,1,0,100.00,0,0,0.00,sim,desconhecido
us.codecraft.webmagic.scheduler,us.codecraft.webmagic.scheduler.DuplicateRemovedScheduler,push,(Lus/codecraft/webmagic/Request;Lus/codecraft/webmagic/Task;)V,"push(us.codecraft.webmagic.Request, us.codecraft.webmagic.Task) -> void",34,31,0,100.00,5,0,100.00,3,3,50.00,sim,desconhecido
us.codecraft.webmagic.scheduler,us.codecraft.webmagic.scheduler.DuplicateRemovedScheduler,shouldReserved,(Lus/codecraft/webmagic/Request;)Z,shouldReserved(us.codecraft.webmagic.Request) -> boolean,42,6,2,75.00,1,0,100.00,1,1,50.00,sim,desconhecido
us.codecraft.webmagic.scheduler,us.codecraft.webmagic.scheduler.PriorityScheduler,<init>,()V,<init>() -> void,18,28,0,100.00,4,0,100.00,0,0,0.00,sim,desconhecido
us.codecraft.webmagic.scheduler,us.codecraft.webmagic.scheduler.PriorityScheduler,poll,(Lus/codecraft/webmagic/Task;)Lus/codecraft/webmagic/Request;,poll(us.codecraft.webmagic.Task) -> us.codecraft.webmagic.Request,51,23,0,100.00,7,0,100.00,4,0,100.00,sim,desconhecido
us.codecraft.webmagic.scheduler,us.codecraft.webmagic.scheduler.PriorityScheduler,pushWhenNoDuplicate,(Lus/codecraft/webmagic/Request;Lus/codecraft/webmagic/Task;)V,"pushWhenNoDuplicate(us.codecraft.webmagic.Request, us.codecraft.webmagic.Task) -> void",40,26,0,100.00,6,0,100.00,4,0,100.00,sim,desconhecido
us.codecraft.webmagic.scheduler,us.codecraft.webmagic.scheduler.PriorityScheduler$1,<init>,(Lus/codecraft/webmagic/scheduler/PriorityScheduler;)V,<init>(us.codecraft.webmagic.scheduler.PriorityScheduler) -> void,24,6,0,100.00,1,0,100.00,0,0,0.00,sim,desconhecido
us.codecraft.webmagic.scheduler,us.codecraft.webmagic.scheduler.PriorityScheduler$1,compare,(Lus/codecraft/webmagic/Request;Lus/codecraft/webmagic/Request;)I,"compare(us.codecraft.webmagic.Request, us.codecraft.webmagic.Request) -> int",27,7,0,100.00,1,0,100.00,0,0,0.00,sim,desconhecido
us.codecraft.webmagic.scheduler,us.codecraft.webmagic.scheduler.PriorityScheduler$2,<init>,(Lus/codecraft/webmagic/scheduler/PriorityScheduler;)V,<init>(us.codecraft.webmagic.scheduler.PriorityScheduler) -> void,31,6,0,100.00,1,0,100.00,0,0,0.00,sim,desconhecido
us.codecraft.webmagic.scheduler,us.codecraft.webmagic.scheduler.QueueScheduler,<init>,()V,<init>() -> void,25,8,0,100.00,3,0,100.00,0,0,0.00,sim,desconhecido
us.codecraft.webmagic.scheduler.component,us.codecraft.webmagic.scheduler.component.HashSetDuplicateRemover,<init>,()V,<init>() -> void,13,9,0,100.00,2,0,100.00,0,0,0.00,sim,desconhecido
us.codecraft.webmagic.scheduler.component,us.codecraft.webmagic.scheduler.component.HashSetDuplicateRemover,getUrl,(Lus/codecraft/webmagic/Request;)Ljava/lang/String;,getUrl(us.codecraft.webmagic.Request) -> java.lang.String,23,3,0,100.00,1,0,100.00,0,0,0.00,sim,desconhecido
us.codecraft.webmagic.scheduler.component,us.codecraft.webmagic.scheduler.component.HashSetDuplicateRemover,isDuplicate,(Lus/codecraft/webmagic/Request;Lus/codecraft/webmagic/Task;)Z,"isDuplicate(us.codecraft.webmagic.Request, us.codecraft.webmagic.Task) -> boolean",19,9,2,81.82,1,0,100.00,1,1,50.00,sim,desconhecido
us.codecraft.webmagic.selector,us.codecraft.webmagic.selector.AbstractSelectable,<init>,()V,<init>() -> void,13,3,0,100.00,1,0,100.00,0,0,0.00,sim,desconhecido
us.codecraft.webmagic.selector,us.codecraft.webmagic.selector.AbstractSelectable,all,()Ljava/util/List;,all() -> java.util.List,49,3,0,100.00,1,0,100.00,0,0,0.00,sim,desconhecido
us.codecraft.webmagic.selector,us.codecraft.webmagic.selector.AbstractSelectable,get,()Ljava/lang/String;,get() -> java.lang.String,59,11,2,84.62,3,1,75.00,1,1,50.00,sim,desconhecido
us.codecraft.webmagic.selector,us.codecraft.webmagic.selector.AbstractSelectable,getFirstSourceText,()Ljava/lang/String;,getFirstSourceText() -> java.lang.String,96,11,2,84.62,3,1,75.00,1,1,50.00,sim,desconhecido
us.codecraft.webmagic.selector,us.codecraft.webmagic.selector.AbstractSelectable,regex,(Ljava/lang/String;)Lus/codecraft/webmagic/selector/Selectable;,regex(java.lang.String) -> us.codecraft.webmagic.selector.Selectable,79,9,0,100.00,2,0,100.00,0,0,0.00,sim,desconhecido
us.codecraft.webmagic.selector,us.codecraft.webmagic.selector.AbstractSelectable,replace,(Ljava/lang/String;Ljava/lang/String;)Lus/codecraft/webmagic/selector/Selectable;,"replace(java.lang.String, java.lang.String) -> us.codecraft.webmagic.selector.Selectable",91,12,0,100.00,2,0,100.00,0,0,0.00,sim,desconhecido
us.codecraft.webmagic.selector,us.codecraft.webmagic.selector.AbstractSelectable,select,(Lus/codecraft/webmagic/selector/Selector;Ljava/util/List;)Lus/codecraft/webmagic/selector/Selectable;,"select(us.codecraft.webmagic.selector.Selector, java.util.List) -> us.codecraft.webmagic.selector.Selectable",28,30,0,100.00,7,0,100.00,3,1,75.00,sim,desconhecido
us.codecraft.webmagic.selector,us.codecraft.webmagic.selector.AbstractSelectable,selectList,(Lus/codecraft/webmagic/selector/Selector;Ljava/util/List;)Lus/codecraft/webmagic/selector/Selectable;,"selectList(us.codecraft.webmagic.selector.Selector, java.util.List) -> us.codecraft.webmagic.selector.Selectable",39,28,0,100.00,6,0,100.00,2,0,100.00,sim,desconhecido
us.codecraft.webmagic.selector,us.codecraft.webmagic.selector.AbstractSelectable,toString,()Ljava/lang/String;,toString() -> java.lang.String,105,3,0,100.00,1,0,100.00,0,0,0.00,sim,desconhecido
us.codecraft.webmagic.selector,us.codecraft.webmagic.selector.AndSelector,<init>,(Ljava/util/List;)V,<init>(java.util.List) -> void,14,11,0,100.00,4,0,100.00,0,0,0.00,sim,desconhecido
us.codecraft.webmagic.selector,us.codecraft.webmagic.selector.AndSelector,<init>,([Lus/codecraft/webmagic/selector/Selector;)V,<init>(us.codecraft.webmagic.selector.Selector[]) -> void,14,29,0,100.00,5,0,100.00,2,0,100.00,sim,desconhecido
us.codecraft.webmagic.selector,us.codecraft.webmagic.selector.AndSelector,select,(Ljava/lang/String;)Ljava/lang/String;,select(java.lang.String) -> java.lang.String,28,20,2,90.91,5,1,83.33,3,1,75.00,sim,desconhecido
us.codecraft.webmagic.selector,us.codecraft.webmagic.selector.AndSelector,selectList,(Ljava/lang/String;)Ljava/util/List;,selectList(java.lang.String) -> java.util.List,39,59,0,100.00,15,0,100.00,9,1,90.00,sim,desconhecido
us.codecraft.webmagic.selector,us.codecraft.webmagic.selector.BaseElementSelector,<init>,()V,<init>() -> void,15,3,0,100.00,1,0,100.00,0,0,0.00,sim,desconhecido
us.codecraft.webmagic.selector,us.codecraft.webmagic.selector.BaseElementSelector,parse,(Ljava/lang/String;)Lorg/jsoup/nodes/Document;,parse(java.lang.String) -> org.jsoup.nodes.Document,19,6,0,100.00,2,0,100.00,0,0,0.00,sim,desconhecido
us.codecraft.webmagic.selector,us.codecraft.webmagic.selector.BaseElementSelector,select,(Ljava/lang/String;)Ljava/lang/String;,select(java.lang.String) -> java.lang.String,25,8,2,80.00,2,1,66.67,1,1,50.00,sim,desconhecido
us.codecraft.webmagic.selector,us.codecraft.webmagic.selector.BaseElementSelector,selectList,(Ljava/lang/String;)Ljava/util/List;,selectList(java.lang.String) -> java.util.List,33,8,4,66.67,2,1,66.67,1,1,50.00,sim,desconhecido
us.codecraft.webmagic.selector,us.codecraft.webmagic.selector.CssSelector,<init>,(Ljava/lang/String;)V,<init>(java.lang.String) -> void,24,6,0,100.00,3,0,100.00,0,0,0.00,sim,desconhecido
us.codecraft.webmagic.selector,us.codecraft.webmagic.selector.CssSelector,<init>,(Ljava/lang/String;Ljava/lang/String;)V,"<init>(java.lang.String, java.lang.String) -> void",28,9,0,100.00,4,0,100.00,0,0,0.00,sim,desconhecido
us.codecraft.webmagic.selector,us.codecraft.webmagic.selector.CssSelector,getValue,(Lorg/jsoup/nodes/Element;)Ljava/lang/String;,getValue(org.jsoup.nodes.Element) -> java.lang.String,34,29,7,80.56,7,2,77.78,6,2,75.00,sim,desconhecido
us.codecraft.webmagic.selector,us.codecraft.webmagic.selector.CssSelector,select,(Lorg/jsoup/nodes/Element;)Ljava/lang/String;,select(org.jsoup.nodes.Element) -> java.lang.String,60,16,0,100.00,4,0,100.00,2,0,100.00,sim,desconhecido
us.codecraft.webmagic.selector,us.codecraft.webmagic.selector.CssSelector,selectElement,(Lorg/jsoup/nodes/Element;)Lorg/jsoup/nodes/Element;,selectElement(org.jsoup.nodes.Element) -> org.jsoup.nodes.Element,84,13,2,86.67,3,1,75.00,1,1,50.00,sim,desconhecido
us.codecraft.webmagic.selector,us.codecraft.webmagic.selector.CssSelector,selectElements,(Lorg/jsoup/nodes/Element;)Ljava/util/List;,selectElements(org.jsoup.nodes.Element) -> java.util.List,93,5,0,100.00,1,0,100.00,0,0,0.00,sim,desconhecido
us.codecraft.webmagic.selector,us.codecraft.webmagic.selector.CssSelector,selectList,(Lorg/jsoup/nodes/Element;)Ljava/util/List;,selectList(org.jsoup.nodes.Element) -> java.util.List,69,34,0,100.00,9,0,100.00,4,2,66.67,sim,desconhecido
us.codecraft.webmagic.selector,us.codecraft.webmagic.selector.Html,<clinit>,()V,<clinit>() -> void,26,3,0,100.00,1,0,100.00,0,0,0.00,sim,desconhecido
us.codecraft.webmagic.selector,us.codecraft.webmagic.selector.Html,<init>,(Ljava/lang/String;)V,<init>(java.lang.String) -> void,20,13,9,59.09,5,3,62.50,0,0,0.00,sim,desconhecido
us.codecraft.webmagic.selector,us.codecraft.webmagic.selector.Html,<init>,(Ljava/lang/String;Ljava/lang/String;)V,"<init>(java.lang.String, java.lang.String) -> void",20,14,9,60.87,5,3,62.50,0,0,0.00,sim,desconhecido
us.codecraft.webmagic.selector,us.codecraft.webmagic.selector.Html,getDocument,()Lorg/jsoup/nodes/Document;,getDocument() -> org.jsoup.nodes.Document,56,3,0,100.00,1,0,100.00,0,0,0.00,sim,desconhecido
us.codecraft.webmagic.selector,us.codecraft.webmagic.selector.Html,getElements,()Ljava/util/List;,getElements() -> java.util.List,61,4,0,100.00,1,0,100.00,0,0,0.00,sim,desconhecido
us.codecraft.webmagic.selector,us.codecraft.webmagic.selector.HtmlNode,<init>,()V,<init>() -> void,21,6,0,100.00,3,0,100.00,0,0,0.00,sim,desconhecido
us.codecraft.webmagic.selector,us.codecraft.webmagic.selector.HtmlNode,<init>,(Ljava/util/List;)V,<init>(java.util.List) -> void,17,6,0,100.00,3,0,100.00,0,0,0.00,sim,desconhecido
us.codecraft.webmagic.selector,us.codecraft.webmagic.selector.HtmlNode,checkElementAndConvert,(Ljava/util/ListIterator;)Lorg/jsoup/nodes/Element;,checkElementAndConvert(java.util.ListIterator) -> org.jsoup.nodes.Element,100,28,0,100.00,8,0,100.00,2,0,100.00,sim,desconhecido
us.codecraft.webmagic.selector,us.codecraft.webmagic.selector.HtmlNode,getElements,()Ljava/util/List;,getElements() -> java.util.List,26,3,0,100.00,1,0,100.00,0,0,0.00,sim,desconhecido
us.codecraft.webmagic.selector,us.codecraft.webmagic.selector.HtmlNode,getSourceTexts,()Ljava/util/List;,getSourceTexts() -> java.util.List,136,26,0,100.00,5,0,100.00,2,0,100.00,sim,desconhecido
us.codecraft.webmagic.selector,us.codecraft.webmagic.selector.HtmlNode,links,()Lus/codecraft/webmagic/selector/Selectable;,links() -> us.codecraft.webmagic.selector.Selectable,41,6,0,100.00,1,0,100.00,0,0,0.00,sim,desconhecido
us.codecraft.webmagic.selector,us.codecraft.webmagic.selector.HtmlNode,nodes,()Ljava/util/List;,nodes() -> java.util.List,125,34,0,100.00,7,0,100.00,2,0,100.00,sim,desconhecido
us.codecraft.webmagic.selector,us.codecraft.webmagic.selector.HtmlNode,selectElements,(Lus/codecraft/webmagic/selector/BaseElementSelector;)Lus/codecraft/webmagic/selector/Selectable;,selectElements(us.codecraft.webmagic.selector.BaseElementSelector) -> us.codecraft.webmagic.selector.Selectable,70,57,0,100.00,16,0,100.00,6,0,100.00,sim,desconhecido
us.codecraft.webmagic.selector,us.codecraft.webmagic.selector.HtmlNode,xpath,(Ljava/lang/String;)Lus/codecraft/webmagic/selector/Selectable;,xpath(java.lang.String) -> us.codecraft.webmagic.selector.Selectable,46,7,0,100.00,2,0,100.00,0,0,0.00,sim,desconhecido
us.codecraft.webmagic.selector,us.codecraft.webmagic.selector.Json,<init>,(Ljava/lang/String;)V,<init>(java.lang.String) -> void,20,4,0,100.00,2,0,100.00,0,0,0.00,sim,desconhecido
us.codecraft.webmagic.selector,us.codecraft.webmagic.selector.Json,jsonPath,(Ljava/lang/String;)Lus/codecraft/webmagic/selector/Selectable;,jsonPath(java.lang.String) -> us.codecraft.webmagic.selector.Selectable,54,11,0,100.00,2,0,100.00,0,0,0.00,sim,desconhecido
us.codecraft.webmagic.selector,us.codecraft.webmagic.selector.Json,removePadding,(Ljava/lang/String;)Lus/codecraft/webmagic/selector/Json;,removePadding(java.lang.String) -> us.codecraft.webmagic.selector.Json,29,27,0,100.00,7,0,100.00,0,0,0.00,sim,desconhecido
us.codecraft.webmagic.selector,us.codecraft.webmagic.selector.JsonPathSelector,<init>,(Ljava/lang/String;)V,<init>(java.lang.String) -> void,23,13,0,100.00,4,0,100.00,0,0,0.00,sim,desconhecido
us.codecraft.webmagic.selector,us.codecraft.webmagic.selector.JsonPathSelector,select,(Ljava/lang/String;)Ljava/lang/String;,select(java.lang.String) -> java.lang.String,35,22,5,81.48,6,2,75.00,3,3,50.00,sim,desconhecido
us.codecraft.webmagic.selector,us.codecraft.webmagic.selector.JsonPathSelector,selectList,(Ljava/lang/String;)Ljava/util/List;,selectList(java.lang.String) -> java.util.List,59,42,2,95.45,11,1,91.67,5,1,83.33,sim,desconhecido
us.codecraft.webmagic.selector,us.codecraft.webmagic.selector.JsonPathSelector,toString,(Ljava/lang/Object;)Ljava/lang/String;,toString(java.lang.Object) -> java.lang.String,49,9,0,100.00,3,0,100.00,2,0,100.00,sim,desconhecido
us.codecraft.webmagic.selector,us.codecraft.webmagic.selector.LinksSelector,<init>,()V,<init>() -> void,16,3,0,100.00,1,0,100.00,0,0,0.00,sim,desconhecido
us.codecraft.webmagic.selector,us.codecraft.webmagic.selector.LinksSelector,hasAttribute,()Z,hasAttribute() -> boolean,49,2,0,100.00,1,0,100.00,0,0,0.00,sim,desconhecido
us.codecraft.webmagic.selector,us.codecraft.webmagic.selector.LinksSelector,selectList,(Lorg/jsoup/nodes/Element;)Ljava/util/List;,selectList(org.jsoup.nodes.Element) -> java.util.List,25,40,0,100.00,8,0,100.00,4,0,100.00,sim,desconhecido
us.codecraft.webmagic.selector,us.codecraft.webmagic.selector.OrSelector,<init>,(Ljava/util/List;)V,<init>(java.util.List) -> void,14,11,0,100.00,4,0,100.00,0,0,0.00,sim,desconhecido
us.codecraft.webmagic.selector,us.codecraft.webmagic.selector.OrSelector,<init>,([Lus/codecraft/webmagic/selector/Selector;)V,<init>(us.codecraft.webmagic.selector.Selector[]) -> void,14,29,0,100.00,5,0,100.00,2,0,100.00,sim,desconhecido
us.codecraft.webmagic.selector,us.codecraft.webmagic.selector.OrSelector,select,(Ljava/lang/String;)Ljava/lang/String;,select(java.lang.String) -> java.lang.String,28,20,2,90.91,5,1,83.33,3,1,75.00,sim,desconhecido
us.codecraft.webmagic.selector,us.codecraft.webmagic.selector.OrSelector,selectList,(Ljava/lang/String;)Ljava/util/List;,selectList(java.lang.String) -> java.util.List,39,26,0,100.00,6,0,100.00,2,0,100.00,sim,desconhecido
us.codecraft.webmagic.selector,us.codecraft.webmagic.selector.PlainText,<init>,(Ljava/lang/String;)V,<init>(java.lang.String) -> void,21,13,0,100.00,4,0,100.00,0,0,0.00,sim,desconhecido
us.codecraft.webmagic.selector,us.codecraft.webmagic.selector.PlainText,<init>,(Ljava/util/List;)V,<init>(java.util.List) -> void,17,6,0,100.00,3,0,100.00,0,0,0.00,sim,desconhecido
us.codecraft.webmagic.selector,us.codecraft.webmagic.selector.PlainText,getSourceTexts,()Ljava/util/List;,getSourceTexts() -> java.util.List,61,3,0,100.00,1,0,100.00,0,0,0.00,sim,desconhecido
us.codecraft.webmagic.selector,us.codecraft.webmagic.selector.RegexResult,<clinit>,()V,<clinit>() -> void,14,5,0,100.00,1,0,100.00,0,0,0.00,sim,desconhecido
us.codecraft.webmagic.selector,us.codecraft.webmagic.selector.RegexResult,<init>,()V,<init>() -> void,16,3,0,100.00,2,0,100.00,0,0,0.00,sim,desconhecido
us.codecraft.webmagic.selector,us.codecraft.webmagic.selector.RegexResult,<init>,([Ljava/lang/String;)V,<init>(java.lang.String[]) -> void,20,6,0,100.00,3,0,100.00,0,0,0.00,sim,desconhecido
us.codecraft.webmagic.selector,us.codecraft.webmagic.selector.RegexResult,get,(I)Ljava/lang/String;,get(int) -> java.lang.String,25,8,2,80.00,2,1,66.67,1,1,50.00,sim,desconhecido
us.codecraft.webmagic.selector,us.codecraft.webmagic.selector.RegexSelector,<init>,(Ljava/lang/String;)V,<init>(java.lang.String) -> void,23,22,0,100.00,7,0,100.00,2,0,100.00,sim,desconhecido
us.codecraft.webmagic.selector,us.codecraft.webmagic.selector.RegexSelector,<init>,(Ljava/lang/String;I)V,"<init>(java.lang.String, int) -> void",23,12,0,100.00,5,0,100.00,0,0,0.00,sim,desconhecido
us.codecraft.webmagic.selector,us.codecraft.webmagic.selector.RegexSelector,compileRegex,(Ljava/lang/String;)V,compileRegex(java.lang.String) -> void,31,21,5,80.77,7,1,87.50,1,1,50.00,sim,desconhecido
us.codecraft.webmagic.selector,us.codecraft.webmagic.selector.RegexSelector,select,(Ljava/lang/String;)Ljava/lang/String;,select(java.lang.String) -> java.lang.String,57,7,0,100.00,1,0,100.00,0,0,0.00,sim,desconhecido
us.codecraft.webmagic.selector,us.codecraft.webmagic.selector.RegexSelector,selectGroup,(Ljava/lang/String;)Lus/codecraft/webmagic/selector/RegexResult;,selectGroup(java.lang.String) -> us.codecraft.webmagic.selector.RegexResult,71,33,2,94.29,6,1,85.71,3,1,75.00,sim,desconhecido
us.codecraft.webmagic.selector,us.codecraft.webmagic.selector.RegexSelector,selectGroupList,(Ljava/lang/String;)Ljava/util/List;,selectGroupList(java.lang.String) -> java.util.List,83,42,0,100.00,9,0,100.00,4,0,100.00,sim,desconhecido
us.codecraft.webmagic.selector,us.codecraft.webmagic.selector.RegexSelector,selectList,(Ljava/lang/String;)Ljava/util/List;,selectList(java.lang.String) -> java.util.List,62,28,0,100.00,6,0,100.00,2,0,100.00,sim,desconhecido
us.codecraft.webmagic.selector,us.codecraft.webmagic.selector.ReplaceSelector,<init>,(Ljava/lang/String;Ljava/lang/String;)V,"<init>(java.lang.String, java.lang.String) -> void",22,14,7,66.67,6,2,75.00,0,0,0.00,sim,desconhecido
us.codecraft.webmagic.selector,us.codecraft.webmagic.selector.ReplaceSelector,select,(Ljava/lang/String;)Ljava/lang/String;,select(java.lang.String) -> java.lang.String,34,10,0,100.00,2,0,100.00,0,0,0.00,sim,desconhecido
us.codecraft.webmagic.selector,us.codecraft.webmagic.selector.Selectors,$,(Ljava/lang/String;)Lus/codecraft/webmagic/selector/CssSelector;,$(java.lang.String) -> us.codecraft.webmagic.selector.CssSelector,28,5,0,100.00,1,0,100.00,0,0,0.00,sim,desconhecido
us.codecraft.webmagic.selector,us.codecraft.webmagic.selector.Selectors,$,(Ljava/lang/String;Ljava/lang/String;)Lus/codecraft/webmagic/selector/CssSelector;,"$(java.lang.String, java.lang.String) -> us.codecraft.webmagic.selector.CssSelector",32,6,0,100.00,1,0,100.00,0,0,0.00,sim,desconhecido
us.codecraft.webmagic.selector,us.codecraft.webmagic.selector.Selectors,and,([Lus/codecraft/webmagic/selector/Selector;)Lus/codecraft/webmagic/selector/AndSelector;,and(us.codecraft.webmagic.selector.Selector[]) -> us.codecraft.webmagic.selector.AndSelector,50,5,0,100.00,1,0,100.00,0,0,0.00,sim,desconhecido
us.codecraft.webmagic.selector,us.codecraft.webmagic.selector.Selectors,or,([Lus/codecraft/webmagic/selector/Selector;)Lus/codecraft/webmagic/selector/OrSelector;,or(us.codecraft.webmagic.selector.Selector[]) -> us.codecraft.webmagic.selector.OrSelector,54,5,0,100.00,1,0,100.00,0,0,0.00,sim,desconhecido
us.codecraft.webmagic.selector,us.codecraft.webmagic.selector.Selectors,regex,(Ljava/lang/String;)Lus/codecraft/webmagic/selector/RegexSelector;,regex(java.lang.String) -> us.codecraft.webmagic.selector.RegexSelector,12,5,0,100.00,1,0,100.00,0,0,0.00,sim,desconhecido
us.codecraft.webmagic.selector,us.codecraft.webmagic.selector.Selectors,regex,(Ljava/lang/String;I)Lus/codecraft/webmagic/selector/RegexSelector;,"regex(java.lang.String, int) -> us.codecraft.webmagic.selector.RegexSelector",16,6,0,100.00,1,0,100.00,0,0,0.00,sim,desconhecido
us.codecraft.webmagic.selector,us.codecraft.webmagic.selector.Selectors,xpath,(Ljava/lang/String;)Lus/codecraft/webmagic/selector/XpathSelector;,xpath(java.lang.String) -> us.codecraft.webmagic.selector.XpathSelector,36,5,0,100.00,1,0,100.00,0,0,0.00,sim,desconhecido
us.codecraft.webmagic.selector,us.codecraft.webmagic.selector.XpathSelector,<init>,(Ljava/lang/String;)V,<init>(java.lang.String) -> void,20,7,0,100.00,3,0,100.00,0,0,0.00,sim,desconhecido
us.codecraft.webmagic.selector,us.codecraft.webmagic.selector.XpathSelector,hasAttribute,()Z,hasAttribute() -> boolean,50,4,0,100.00,1,0,100.00,0,0,0.00,sim,desconhecido
us.codecraft.webmagic.selector,us.codecraft.webmagic.selector.XpathSelector,select,(Lorg/jsoup/nodes/Element;)Ljava/lang/String;,select(org.jsoup.nodes.Element) -> java.lang.String,26,6,0,100.00,1,0,100.00,0,0,0.00,sim,desconhecido
us.codecraft.webmagic.selector,us.codecraft.webmagic.selector.XpathSelector,selectElements,(Lorg/jsoup/nodes/Element;)Ljava/util/List;,selectElements(org.jsoup.nodes.Element) -> java.util.List,45,6,0,100.00,1,0,100.00,0,0,0.00,sim,desconhecido
us.codecraft.webmagic.selector,us.codecraft.webmagic.selector.XpathSelector,selectList,(Lorg/jsoup/nodes/Element;)Ljava/util/List;,selectList(org.jsoup.nodes.Element) -> java.util.List,31,6,0,100.00,1,0,100.00,0,0,0.00,sim,desconhecido
us.codecraft.webmagic.thread,us.codecraft.webmagic.thread.CountableThreadPool,<init>,(I)V,<init>(int) -> void,23,25,0,100.00,7,0,100.00,0,0,0.00,sim,desconhecido
us.codecraft.webmagic.utils,us.codecraft.webmagic.utils.BaseSelectorUtils,preParse,(Ljava/lang/String;)Ljava/lang/String;,preParse(java.lang.String) -> java.lang.String,16,18,11,62.07,3,1,75.00,4,8,33.33,sim,desconhecido
us.codecraft.webmagic.utils,us.codecraft.webmagic.utils.CharsetUtils,<clinit>,()V,<clinit>() -> void,22,4,0,100.00,1,0,100.00,0,0,0.00,sim,desconhecido
us.codecraft.webmagic.utils,us.codecraft.webmagic.utils.CharsetUtils,detectCharset,(Ljava/lang/String;[B)Ljava/lang/String;,"detectCharset(java.lang.String, byte[]) -> java.lang.String",32,77,7,91.67,18,4,81.82,6,6,50.00,sim,desconhecido
us.codecraft.webmagic.utils,us.codecraft.webmagic.utils.FilePersistentBase,<clinit>,()V,<clinit>() -> void,15,11,0,100.00,5,0,100.00,1,1,50.00,sim,desconhecido
us.codecraft.webmagic.utils,us.codecraft.webmagic.utils.FilePersistentBase,<init>,()V,<init>() -> void,11,3,0,100.00,1,0,100.00,0,0,0.00,sim,desconhecido
us.codecraft.webmagic.utils,us.codecraft.webmagic.utils.FilePersistentBase,checkAndMakeParentDirecotry,(Ljava/lang/String;)V,checkAndMakeParentDirecotry(java.lang.String) -> void,37,23,0,100.00,7,0,100.00,2,2,50.00,sim,desconhecido
us.codecraft.webmagic.utils,us.codecraft.webmagic.utils.FilePersistentBase,getFile,(Ljava/lang/String;)Ljava/io/File;,getFile(java.lang.String) -> java.io.File,32,8,0,100.00,2,0,100.00,0,0,0.00,sim,desconhecido
us.codecraft.webmagic.utils,us.codecraft.webmagic.utils.FilePersistentBase,setPath,(Ljava/lang/String;)V,setPath(java.lang.String) -> void,25,8,4,66.67,3,1,75.00,1,1,50.00,sim,desconhecido
us.codecraft.webmagic.utils,us.codecraft.webmagic.utils.HttpClientUtils,convertHeaders,([Lorg/apache/http/Header;)Ljava/util/Map;,convertHeaders(org.apache.http.Header[]) -> java.util.Map,17,45,0,100.00,8,0,100.00,4,0,100.00,sim,desconhecido
us.codecraft.webmagic.utils,us.codecraft.webmagic.utils.NumberUtils,compareLong,(JJ)I,"compareLong(long, long) -> int",9,4,0,100.00,1,0,100.00,0,0,0.00,sim,desconhecido
us.codecraft.webmagic.utils,us.codecraft.webmagic.utils.UrlUtils,<clinit>,()V,<clinit>() -> void,76,8,0,100.00,2,0,100.00,0,0,0.00,sim,desconhecido
us.codecraft.webmagic.utils,us.codecraft.webmagic.utils.UrlUtils,canonicalizeUrl,(Ljava/lang/String;Ljava/lang/String;)Ljava/lang/String;,"canonicalizeUrl(java.lang.String, java.lang.String) -> java.lang.String",36,19,17,52.78,5,6,45.45,1,1,50.00,sim,desconhecido
us.codecraft.webmagic.utils,us.codecraft.webmagic.utils.UrlUtils,fixIllegalCharacterInUrl,(Ljava/lang/String;)Ljava/lang/String;,fixIllegalCharacterInUrl(java.lang.String) -> java.lang.String,64,8,0,100.00,1,0,100.00,0,0,0.00,sim,desconhecido
us.codecraft.webmagic.utils,us.codecraft.webmagic.utils.UrlUtils,getCharset,(Ljava/lang/String;)Ljava/lang/String;,getCharset(java.lang.String) -> java.lang.String,119,22,0,100.00,8,0,100.00,5,1,83.33,sim,desconhecido
us.codecraft.webmagic.utils,us.codecraft.webmagic.utils.UrlUtils,getDomain,(Ljava/lang/String;)Ljava/lang/String;,getDomain(java.lang.String) -> java.lang.String,83,18,0,100.00,5,0,100.00,2,0,100.00,sim,desconhecido
us.codecraft.webmagic.utils,us.codecraft.webmagic.utils.UrlUtils,removePort,(Ljava/lang/String;)Ljava/lang/String;,removePort(java.lang.String) -> java.lang.String,92,14,0,100.00,4,0,100.00,2,0,100.00,sim,desconhecido
us.codecraft.webmagic.utils,us.codecraft.webmagic.utils.UrlUtils,removeProtocol,(Ljava/lang/String;)Ljava/lang/String;,removeProtocol(java.lang.String) -> java.lang.String,79,6,0,100.00,1,0,100.00,0,0,0.00,sim,desconhecido
